controller,event_id,traffic_type,src,dst,path,throughput_mbps,delay_ms,install_ms,cpu_percent,rerouted,congestion_handled,overloaded_links
ryu,0,video,h2,h4,s2->s3->s4,5.609,12.632,45.088,21.045,False,False,0
ryu,1,video,h2,h4,s2->s3->s4,5.362,11.428,43.537,22.961,False,False,0
ryu,2,video,h2,h4,s2->s3->s4,6.133,12.587,43.004,20.38,False,False,0
ryu,3,voip,h2,h3,s2->s3,0.111,3.903,47.297,19.084,False,False,0
ryu,4,file,h3,h1,s3->s2->s1,10.789,9.596,42.266,21.19,False,False,0
ryu,5,video,h4,h3,s4->s5->s6->s3,5.982,27.099,41.751,19.801,False,False,0
ryu,6,file,h3,h1,s3->s2->s1,13.053,8.716,42.132,20.509,False,False,0
ryu,7,voip,h4,h6,s4->s3->s6,0.116,12.274,42.023,22.91,False,False,0
ryu,8,file,h3,h1,s3->s2->s1,13.411,9.172,43.724,23.668,False,False,0
ryu,9,video,h2,h4,s2->s3->s4,5.559,12.8,42.294,22.087,False,False,0
ryu,10,video,h4,h3,s4->s5->s6->s3,6.127,25.772,40.994,21.666,False,False,0
ryu,11,voip,h2,h3,s2->s3,0.119,4.673,41.807,23.501,False,False,0
ryu,12,voip,h2,h3,s2->s3,0.111,4.887,40.968,20.583,False,False,0
ryu,13,file,h3,h4,s3->s4,2.744,10.206,39.622,22.91,False,False,1
ryu,14,video,h1,h2,s1->s2,5.567,5.904,39.975,23.155,False,False,0
ryu,15,file,h6,h1,s6->s3->s2->s1,1.884,16.528,41.085,23.806,False,False,1
ryu,16,voip,h2,h3,s2->s3,0.108,5.604,43.694,20.614,False,False,1
ryu,17,file,h3,h5,s3->s2->s5,1.353,13.686,41.482,24.084,False,False,2
ryu,18,voip,h2,h3,s2->s3,0.123,7.141,41.285,22.903,False,False,1
ryu,19,voip,h2,h3,s2->s3,0.11,5.857,43.257,20.969,False,False,1
ryu,20,file,h3,h5,s3->s6->s5,8.49,15.64,40.674,21.169,True,True,0
ryu,21,web,h6,h3,s6->s3,0.913,6.462,40.806,21.016,False,False,0
ryu,22,file,h2,h6,s2->s1->s4->s5->s6,0.687,47.342,42.606,29.938,False,False,3
ryu,23,video,h2,h5,s2->s5,6.041,9.881,42.903,26.188,False,False,3
ryu,24,video,h4,h3,s4->s3,5.464,8.757,42.399,29.402,True,True,3
ryu,25,video,h6,h3,s6->s3,5.63,6.449,41.846,19.196,False,False,0
ryu,26,video,h6,h3,s6->s3,1.876,7.811,43.038,24.349,False,False,1
ryu,27,file,h3,h1,s3->s2->s1,7.875,9.239,43.208,20.877,False,False,1
ryu,28,web,h6,h3,s6->s5->s2->s3,0.635,27.583,44.764,27.898,False,False,3
ryu,29,web,h6,h3,s6->s1->s4->s3,1.011,41.568,45.535,25.266,True,True,3
ryu,30,voip,h4,h6,s4->s3->s6,0.116,14.579,41.979,24.514,False,False,2
ryu,31,web,h6,h3,s6->s1->s4->s3,0.949,40.526,43.404,23.426,False,False,0
ryu,32,web,h6,h3,s6->s1->s4->s3,0.96,40.476,42.567,18.112,False,False,0
ryu,33,file,h3,h1,s3->s2->s1,8.456,10.462,40.418,21.715,False,False,0
ryu,34,video,h2,h4,s2->s3->s4,5.758,13.432,32.937,22.659,False,False,0
ryu,35,voip,h2,h3,s2->s3,0.116,5.621,45.058,23.475,False,False,0
ryu,36,video,h1,h2,s1->s2,5.737,4.727,42.583,21.047,False,False,0
ryu,37,file,h3,h5,s3->s6->s5,5.04,18.852,53.602,20.5,False,False,0
ryu,38,file,h2,h6,s2->s1->s4->s5->s6,5.594,37.931,43.62,19.817,False,False,0
ryu,39,voip,h4,h6,s4->s3->s6,0.117,14.039,40.293,23.297,False,False,0
ryu,40,voip,h1,h4,s1->s4,0.109,13.182,46.945,21.094,False,False,0
ryu,41,video,h1,h2,s1->s2,5.93,4.585,40.718,21.324,False,False,0
ryu,42,video,h2,h4,s2->s3->s4,5.842,11.592,43.456,18.386,False,False,0
ryu,43,file,h1,h6,s1->s2->s3->s6,3.911,17.67,44.592,22.919,False,False,0
ryu,44,file,h3,h4,s3->s4,3.145,11.054,39.143,18.345,False,False,0
ryu,45,video,h1,h3,s1->s2->s3,3.173,11.739,42.935,20.4,False,False,1
ryu,46,video,h3,h5,s3->s2->s5,1.33,14.861,34.925,27.629,False,False,2
ryu,47,video,h2,h6,s2->s1->s4->s5->s6,1.853,44.583,42.216,26.033,False,False,2
ryu,48,video,h2,h4,s2->s3->s4,2.909,14.286,43.16,27.868,True,True,2
ryu,49,file,h6,h1,s6->s1,6.807,20.491,42.302,24.97,True,True,2
ryu,50,video,h5,h3,s5->s6->s3,0.729,20.669,37.183,20.838,False,False,1
ryu,51,web,h2,h1,s2->s1,0.945,7.339,38.744,25.991,False,False,2
ryu,52,voip,h1,h4,s1->s4,0.116,14.745,42.119,22.271,False,False,2
ryu,53,file,h3,h5,s3->s4->s5,5.152,19.971,41.546,25.909,True,True,1
ryu,54,voip,h2,h3,s2->s3,0.112,5.26,40.573,20.29,False,False,0
ryu,55,voip,h1,h4,s1->s4,0.115,12.413,39.858,19.585,False,False,0
ryu,56,video,h6,h3,s6->s3,5.3,5.932,40.502,19.397,False,False,0
ryu,57,file,h2,h5,s2->s5,1.03,10.383,43.166,23.712,False,False,1
ryu,58,video,h5,h3,s5->s6->s3,5.073,18.527,43.28,20.836,False,False,1
ryu,59,voip,h1,h4,s1->s4,0.12,13.268,43.244,23.504,False,False,1
ryu,60,file,h6,h2,s6->s3->s2,1.945,11.969,40.908,25.015,False,False,1
ryu,61,file,h6,h5,s6->s5,0.72,13.848,41.939,25.018,False,False,2
ryu,62,video,h2,h6,s2->s1->s6,5.943,25.009,40.347,20.447,True,True,1
ryu,63,web,h2,h1,s2->s1,0.991,4.758,43.726,22.964,False,False,1
ryu,64,voip,h2,h3,s2->s3,0.119,6.159,43.057,21.857,False,False,0
ryu,65,voip,h4,h6,s4->s3->s6,0.119,13.955,41.578,21.407,False,False,0
ryu,66,voip,h2,h3,s2->s3,0.118,5.043,45.128,22.054,False,False,0
ryu,67,voip,h1,h4,s1->s4,0.114,11.578,54.398,23.362,False,False,0
ryu,68,file,h3,h1,s3->s2->s1,12.31,8.12,58.706,23.809,False,False,0
ryu,69,file,h3,h5,s3->s4->s5,9.799,16.824,42.715,21.489,False,False,0
ryu,70,voip,h1,h4,s1->s4,0.108,12.479,44.242,21.052,False,False,0
ryu,71,file,h2,h4,s2->s3->s4,2.908,14.958,44.673,22.433,False,False,1
ryu,72,video,h4,h3,s4->s1->s2->s3,1.489,22.582,43.229,20.72,False,False,1
ryu,73,file,h6,h3,s6->s3,2.661,7.716,41.837,24.164,False,False,2
ryu,74,file,h3,h5,s3->s4->s5,4.353,18.759,42.671,25.81,False,False,2
ryu,75,file,h3,h5,s3->s4->s5,5.005,19.054,41.432,23.737,False,False,0
ryu,76,web,h6,h4,s6->s5->s4,0.99,19.438,43.241,22.516,False,False,0
ryu,77,video,h1,h5,s1->s2->s5,5.534,12.689,42.908,22.432,False,False,0
ryu,78,video,h2,h3,s2->s3,1.358,6.222,41.05,21.247,False,False,1
ryu,79,video,h2,h4,s2->s5->s4,2.924,20.816,42.119,23.048,False,False,2
ryu,80,video,h3,h6,s3->s6,2.888,8.464,41.798,25.145,False,False,2
ryu,81,video,h2,h6,s2->s1->s6,5.53,23.159,43.123,18.755,False,False,0
ryu,82,video,h6,h3,s6->s3,4.621,7.068,40.58,20.675,False,False,0
ryu,83,web,h1,h2,s1->s2,1.001,6.725,44.668,20.939,False,False,0
ryu,84,video,h2,h4,s2->s5->s4,5.684,19.145,43.782,19.343,False,False,0
ryu,85,video,h1,h2,s1->s2,5.863,6.422,39.716,20.744,False,False,0
ryu,86,voip,h2,h6,s2->s3->s6,0.111,11.753,40.999,19.511,False,False,0
ryu,87,file,h1,h6,s1->s6,0.436,33.06,42.338,24.743,False,False,1
ryu,88,video,h3,h6,s3->s6,5.531,8.055,41.188,25.036,False,False,1
ryu,89,video,h2,h4,s2->s5->s4,5.306,18.031,42.659,23.898,False,False,1
ryu,90,video,h6,h3,s6->s3,5.862,7.616,41.579,19.367,False,False,0
ryu,91,web,h2,h1,s2->s1,0.984,5.412,42.85,20.174,False,False,0
ryu,92,video,h2,h4,s2->s3->s4,6.041,11.763,37.833,20.974,False,False,0
ryu,93,video,h6,h3,s6->s3,5.519,6.417,34.262,18.654,False,False,0
ryu,94,file,h2,h4,s2->s3->s4,2.409,16.719,40.255,21.278,False,False,1
ryu,95,voip,h1,h6,s1->s2->s3->s6,0.122,15.698,42.329,23.985,False,False,0
ryu,96,video,h2,h5,s2->s5,3.161,9.775,39.85,21.99,False,False,1
ryu,97,video,h2,h4,s2->s3->s4,4.439,14.285,43.372,18.742,False,False,0
ryu,98,voip,h3,h6,s3->s6,0.109,6.695,42.626,20.678,False,False,0
ryu,99,web,h6,h4,s6->s5->s4,0.917,19.224,42.655,20.429,False,False,0
ryu,100,file,h6,h3,s6->s3,13.213,6.819,41.085,18.377,False,False,0
ryu,101,video,h3,h5,s3->s6->s5,4.996,18.726,40.89,18.023,False,False,0
ryu,102,web,h6,h1,s6->s3->s2->s1,0.987,13.518,41.996,22.658,False,False,0
ryu,103,web,h4,h2,s4->s1->s2,0.991,15.255,43.73,22.637,False,False,0
ryu,104,video,h3,h4,s3->s2->s1->s4,5.013,22.792,42.586,18.96,False,False,0
ryu,105,voip,h3,h6,s3->s6,0.115,6.549,42.888,20.559,False,False,0
ryu,106,voip,h4,h6,s4->s3->s6,0.109,14.563,43.161,23.931,False,False,0
ryu,107,voip,h2,h4,s2->s5->s4,0.119,16.995,43.41,21.987,False,False,0
ryu,108,file,h3,h4,s3->s4,9.032,8.398,41.345,19.562,False,False,0
ryu,109,video,h2,h5,s2->s5,5.533,7.126,47.685,19.13,False,False,0
ryu,110,voip,h1,h4,s1->s4,0.11,12.99,45.941,21.92,False,False,0
ryu,111,voip,h4,h2,s4->s3->s2,0.111,11.54,41.486,19.137,False,False,0
ryu,112,file,h1,h3,s1->s2->s3,5.496,10.409,43.601,23.674,False,False,0
ryu,113,file,h2,h4,s2->s3->s4,6.661,12.481,40.829,19.224,False,False,0
ryu,114,file,h2,h4,s2->s3->s4,8.217,13.688,41.661,20.231,False,False,0
ryu,115,voip,h1,h4,s1->s4,0.12,12.128,41.427,18.927,False,False,0
ryu,116,voip,h3,h6,s3->s6,0.11,5.743,43.54,22.007,False,False,0
ryu,117,video,h4,h3,s4->s3,6.075,8.829,40.476,18.109,False,False,0
ryu,118,web,h6,h2,s6->s3->s2,0.881,11.66,43.051,22.543,False,False,1
ryu,119,video,h3,h4,s3->s4,5.408,8.819,42.399,22.38,False,False,1
ryu,120,web,h6,h5,s6->s5,0.69,14.492,34.329,20.653,False,False,1
ryu,121,video,h3,h4,s3->s4,5.458,10.633,39.175,25.658,False,False,1
ryu,122,video,h1,h5,s1->s2->s5,5.649,13.839,40.02,24.715,False,False,1
ryu,123,file,h6,h2,s6->s3->s2,7.687,12.037,39.671,20.398,False,False,0
ryu,124,file,h2,h5,s2->s5,6.482,7.76,42.234,23.384,False,False,0
ryu,125,web,h1,h2,s1->s2,0.886,6.3,42.966,18.706,False,False,0
ryu,126,file,h6,h3,s6->s3,2.453,7.381,40.19,23.021,False,False,1
ryu,127,video,h2,h4,s2->s3->s4,5.699,14.154,41.196,23.711,False,False,1
ryu,128,web,h4,h6,s4->s5->s6,0.935,20.76,42.152,21.026,False,False,0
ryu,129,voip,h2,h1,s2->s1,0.107,5.447,33.909,20.267,False,False,0
ryu,130,voip,h1,h5,s1->s4->s5,0.114,20.577,42.939,23.496,False,False,0
ryu,131,web,h6,h2,s6->s3->s2,0.89,12.161,40.047,22.537,False,False,0
ryu,132,voip,h1,h5,s1->s4->s5,0.12,18.821,31.524,21.013,False,False,0
ryu,133,voip,h3,h5,s3->s4->s5,0.109,16.422,42.526,21.819,False,False,0
ryu,134,video,h3,h5,s3->s2->s5,5.986,10.568,43.121,21.184,False,False,0
ryu,135,video,h4,h5,s4->s5,5.508,12.716,46.339,19.589,False,False,0
ryu,136,file,h3,h6,s3->s6,1.225,7.421,41.917,24.919,False,False,1
ryu,137,video,h2,h5,s2->s5,5.877,7.566,45.975,20.011,False,False,1
ryu,138,web,h6,h3,s6->s1->s4->s3,0.945,38.869,44.079,25.373,True,True,1
ryu,139,web,h6,h3,s6->s1->s4->s3,0.883,38.699,42.632,20.13,False,False,0
ryu,140,video,h5,h3,s5->s6->s3,5.176,16.576,46.227,19.225,False,False,0
ryu,141,video,h2,h1,s2->s1,5.337,5.254,41.374,21.993,False,False,0
ryu,142,video,h3,h4,s3->s4,5.331,9.266,45.495,23.356,False,False,0
ryu,143,file,h5,h6,s5->s2->s3->s6,1.064,21.037,43.073,22.436,False,False,1
ryu,144,video,h4,h3,s4->s3,5.831,7.185,47.654,21.184,False,False,1
ryu,145,video,h2,h4,s2->s5->s4,5.863,18.682,44.774,23.679,False,False,1
ryu,146,voip,h4,h6,s4->s1->s6,0.123,32.689,44.697,20.868,True,True,0
ryu,147,file,h2,h5,s2->s5,7.624,8.992,45.058,20.715,False,False,0
ryu,148,video,h1,h2,s1->s2,5.315,4.394,42.215,22.498,False,False,0
ryu,149,web,h6,h1,s6->s5->s4->s1,0.708,44.299,48.988,29.831,False,False,3
ryu,150,file,h2,h4,s2->s3->s4,11.725,12.566,40.582,25.417,False,False,3
ryu,151,web,h6,h3,s6->s3,0.916,7.776,43.728,29.784,False,False,4
ryu,152,file,h5,h4,s5->s2->s3->s4,1.292,24.139,40.56,26.348,False,False,2
ryu,153,video,h2,h4,s2->s1->s4,0.637,19.869,40.621,29.574,False,False,3
ryu,154,file,h3,h4,s3->s4,4.827,9.163,41.885,22.256,False,False,2
ryu,155,file,h3,h4,s3->s4,5.903,10.889,40.28,25.727,False,False,1
ryu,156,file,h3,h5,s3->s4->s5,4.268,20.66,38.934,18.207,False,False,0
ryu,157,web,h6,h1,s6->s1,0.999,20.155,41.104,19.767,False,False,0
ryu,158,video,h2,h4,s2->s5->s4,5.645,19.642,39.059,22.559,False,False,0
ryu,159,file,h5,h6,s5->s2->s3->s6,0.955,21.836,40.583,26.619,False,False,3
ryu,160,video,h6,h1,s6->s1,1.496,30.992,40.03,26.616,False,False,3
ryu,161,voip,h2,h6,s2->s3->s6,0.107,13.07,40.592,22.574,False,False,2
ryu,162,web,h4,h5,s4->s5,0.696,15.025,39.589,24.891,False,False,1
ryu,163,voip,h2,h1,s2->s1,0.116,6.024,39.797,21.96,False,False,1
ryu,164,web,h6,h2,s6->s3->s2,0.893,12.689,43.625,20.151,False,False,1
ryu,165,video,h2,h4,s2->s1->s4,5.437,18.387,41.212,23.304,True,True,0
ryu,166,voip,h3,h5,s3->s4->s5,0.119,21.203,34.979,21.878,False,False,0
ryu,167,voip,h3,h6,s3->s6,0.121,6.276,41.969,22.452,False,False,0
ryu,168,voip,h2,h1,s2->s1,0.116,5.449,40.022,20.772,False,False,0
ryu,169,voip,h2,h3,s2->s3,0.117,6.118,41.722,23.849,False,False,0
ryu,170,file,h3,h2,s3->s2,5.094,5.597,43.423,20.988,False,False,1
ryu,171,voip,h2,h6,s2->s5->s6,0.109,17.404,41.963,18.641,False,False,0
ryu,172,voip,h1,h4,s1->s4,0.113,11.579,42.112,22.161,False,False,0
ryu,173,file,h1,h6,s1->s6,4.697,23.122,45.345,18.033,False,False,0
ryu,174,web,h4,h6,s4->s5->s6,0.992,21.452,41.918,19.371,False,False,0
ryu,175,web,h6,h5,s6->s5,0.948,10.905,35.268,21.77,False,False,0
ryu,176,video,h1,h5,s1->s2->s5,5.922,11.534,44.073,19.5,False,False,0
ryu,177,voip,h3,h5,s3->s4->s5,0.113,18.556,43.57,23.581,False,False,0
ryu,178,voip,h3,h6,s3->s6,0.121,5.095,43.33,18.638,False,False,0
ryu,179,file,h2,h4,s2->s3->s4,13.241,12.496,41.131,20.089,False,False,0
ryu,180,video,h2,h4,s2->s1->s4,3.705,19.413,44.525,23.688,False,False,0
ryu,181,web,h2,h1,s2->s1,1.02,5.069,43.906,21.684,False,False,0
ryu,182,video,h4,h6,s4->s3->s6,5.658,14.892,43.418,20.113,False,False,0
ryu,183,video,h4,h3,s4->s1->s2->s3,5.354,22.119,41.624,19.313,False,False,0
ryu,184,video,h2,h6,s2->s5->s6,4.95,18.819,40.835,21.853,False,False,0
ryu,185,web,h2,h3,s2->s3,0.977,5.67,44.57,20.816,False,False,0
ryu,186,voip,h6,h4,s6->s3->s4,0.106,13.59,50.596,19.687,False,False,0
ryu,187,file,h2,h4,s2->s3->s4,8.974,12.59,45.722,21.956,False,False,0
ryu,188,file,h2,h4,s2->s3->s4,9.874,11.481,50.591,22.704,False,False,0
ryu,189,web,h4,h2,s4->s1->s2,0.979,16.58,42.122,18.432,False,False,0
ryu,190,video,h4,h6,s4->s3->s6,6.049,13.843,41.502,20.712,False,False,0
ryu,191,voip,h4,h5,s4->s5,0.123,10.776,41.427,23.41,False,False,0
ryu,192,voip,h4,h5,s4->s5,0.115,9.817,43.302,18.472,False,False,0
ryu,193,file,h1,h5,s1->s2->s5,2.951,12.979,42.252,20.351,False,False,1
ryu,194,file,h3,h4,s3->s4,10.346,7.836,42.037,22.408,False,False,0
ryu,195,voip,h3,h6,s3->s6,0.115,6.493,41.609,20.795,False,False,0
ryu,196,web,h6,h3,s6->s1->s4->s3,0.975,38.484,40.27,21.658,False,False,0
ryu,197,web,h3,h1,s3->s2->s1,0.885,11.216,42.613,21.752,False,False,0
ryu,198,voip,h2,h4,s2->s5->s4,0.115,17.187,43.107,19.264,False,False,0
ryu,199,file,h6,h3,s6->s3,16.463,6.015,40.396,22.966,False,False,0
ryu,200,web,h6,h3,s6->s3,0.932,6.716,32.087,20.953,False,False,0
ryu,201,file,h2,h5,s2->s5,8.114,8.71,44.072,18.525,False,False,0
ryu,202,video,h5,h4,s5->s4,4.748,11.773,42.164,20.85,False,False,0
ryu,203,voip,h5,h6,s5->s6,0.118,9.682,42.027,23.258,False,False,0
ryu,204,file,h3,h4,s3->s4,11.852,8.214,32.073,23.215,False,False,0
ryu,205,video,h6,h3,s6->s3,6.065,4.604,30.656,19.856,False,False,0
ryu,206,web,h2,h4,s2->s3->s4,0.976,11.425,43.397,18.328,False,False,0
ryu,207,voip,h1,h4,s1->s4,0.107,11.055,43.163,21.563,False,False,0
ryu,208,file,h2,h4,s2->s3->s4,3.805,14.148,43.201,21.761,False,False,0
ryu,209,voip,h2,h3,s2->s3,0.123,6.109,45.8,19.309,False,False,0
ryu,210,file,h3,h6,s3->s6,17.546,5.107,45.837,22.465,False,False,0
ryu,211,video,h6,h2,s6->s5->s2,4.74,20.182,44.434,23.34,False,False,0
ryu,212,voip,h1,h6,s1->s2->s3->s6,0.12,13.81,41.033,19.866,False,False,0
ryu,213,voip,h4,h5,s4->s5,0.119,12.121,43.848,18.999,False,False,0
ryu,214,voip,h6,h2,s6->s3->s2,0.114,10.26,40.343,22.529,False,False,0
ryu,215,web,h1,h2,s1->s2,0.978,5.217,46.949,21.599,False,False,0
ryu,216,file,h1,h2,s1->s2,9.721,5.942,43.291,20.324,False,False,0
ryu,217,file,h6,h3,s6->s3,16.409,5.056,43.088,20.535,False,False,0
ryu,218,web,h1,h3,s1->s2->s3,0.966,11.921,42.94,25.107,False,False,1
ryu,219,file,h4,h3,s4->s5->s6->s3,0.72,34.344,42.902,28.501,False,False,3
ryu,220,voip,h5,h1,s5->s2->s1,0.11,11.798,45.507,28.75,False,False,3
ryu,221,video,h2,h5,s2->s5,5.975,8.253,41.988,25.478,False,False,2
ryu,222,web,h5,h3,s5->s2->s3,0.912,13.863,42.197,26.835,False,False,2
ryu,223,file,h3,h2,s3->s4->s1->s2,6.975,23.104,43.887,21.478,True,True,1
ryu,224,video,h1,h3,s1->s4->s3,0.873,25.896,42.818,27.117,False,False,3
ryu,225,voip,h4,h6,s4->s1->s6,0.121,37.529,41.229,25.403,True,True,2
ryu,226,web,h1,h2,s1->s2,0.947,4.769,41.639,25.652,False,False,2
ryu,227,voip,h4,h6,s4->s3->s6,0.109,15.568,40.176,22.306,True,True,2
ryu,228,web,h4,h6,s4->s3->s6,0.916,18.355,41.777,22.54,False,False,2
ryu,229,file,h6,h3,s6->s1->s2->s3,6.114,32.035,40.544,22.69,True,True,1
ryu,230,web,h6,h4,s6->s5->s4,0.886,22.421,40.201,22.112,False,False,1
ryu,231,web,h1,h3,s1->s2->s3,0.993,8.902,43.018,22.061,False,False,0
ryu,232,web,h6,h5,s6->s5,0.896,12.466,40.043,19.542,False,False,0
ryu,233,video,h2,h1,s2->s1,5.495,4.535,41.265,22.066,False,False,0
ryu,234,voip,h4,h5,s4->s5,0.106,10.878,45.233,19.323,False,False,0
ryu,235,web,h6,h2,s6->s3->s2,0.938,11.96,40.017,18.451,False,False,0
ryu,236,video,h2,h4,s2->s5->s4,2.21,20.79,41.006,22.282,False,False,0
ryu,237,voip,h2,h3,s2->s3,0.11,4.472,43.975,20.007,False,False,0
ryu,238,file,h5,h6,s5->s2->s3->s6,7.632,17.31,41.429,23.872,False,False,0
ryu,239,web,h1,h3,s1->s2->s3,0.964,9.789,45.118,18.715,False,False,0
pox,0,voip,h4,h2,s4->s3->s2,0.11,9.44,80.293,15.047,False,False,0
pox,1,video,h4,h6,s4->s3->s6,5.167,16.526,45.251,17.795,False,False,0
pox,2,file,h4,h6,s4->s5->s6,2.606,25.823,45.911,18.148,False,False,0
pox,3,voip,h4,h2,s4->s3->s2,0.107,12.267,49.165,16.584,False,False,0
pox,4,voip,h4,h2,s4->s3->s2,0.123,11.725,44.781,14.969,False,False,0
pox,5,file,h6,h5,s6->s3->s2->s5,3.299,18.343,43.22,19.821,False,False,1
pox,6,file,h4,h6,s4->s5->s6,4.691,25.724,46.208,14.988,False,False,0
pox,7,file,h4,h6,s4->s5->s6,5.108,24.61,47.391,18.565,False,False,0
pox,8,file,h4,h6,s4->s5->s6,5.098,24.773,43.635,14.168,False,False,0
pox,9,file,h4,h6,s4->s5->s6,5.547,22.699,42.757,17.316,False,False,0
pox,10,voip,h2,h3,s2->s3,0.112,5.594,45.209,16.178,False,False,0
pox,11,file,h6,h5,s6->s3->s2->s5,7.968,16.907,46.085,15.444,False,False,0
pox,12,voip,h4,h2,s4->s3->s2,0.115,11.451,45.041,18.038,False,False,0
pox,13,video,h4,h6,s4->s3->s6,5.295,13.233,43.894,15.932,False,False,0
pox,14,file,h3,h6,s3->s4->s1->s2->s5->s6,0.728,50.633,42.202,24.826,False,False,3
pox,15,web,h5,h2,s5->s4->s3->s2,0.643,29.399,44.989,22.486,False,False,3
pox,16,video,h4,h6,s4->s1->s2->s3->s6,0.696,30.94,42.995,22.632,True,True,4
pox,17,file,h3,h6,s3->s2->s1->s6,5.577,30.418,44.339,21.804,True,True,3
pox,18,video,h4,h6,s4->s3->s6,0.807,18.173,45.058,23.542,True,True,3
pox,19,voip,h3,h4,s3->s4,0.115,11.948,45.54,19.003,False,False,2
pox,20,web,h5,h2,s5->s2,0.909,8.716,42.09,19.482,True,True,2
pox,21,file,h3,h6,s3->s2->s1->s6,6.717,28.285,44.649,18.884,False,False,0
pox,22,file,h3,h6,s3->s2->s1->s6,7.344,28.251,43.661,18.476,False,False,0
pox,23,voip,h4,h3,s4->s3,0.111,11.313,42.222,17.065,False,False,0
pox,24,file,h6,h3,s6->s3,1.091,8.568,46.106,18.537,False,False,1
pox,25,file,h4,h6,s4->s5->s6,5.983,23.239,47.91,19.9,False,False,1
pox,26,web,h3,h6,s3->s2->s5->s6,0.66,28.652,42.334,23.24,False,False,4
pox,27,voip,h3,h4,s3->s4,0.12,9.21,43.283,18.977,False,False,2
pox,28,video,h4,h6,s4->s3->s6,4.751,14.981,41.333,20.834,False,False,2
pox,29,voip,h4,h2,s4->s3->s2,0.106,14.999,41.361,15.323,False,False,0
pox,30,voip,h3,h4,s3->s4,0.111,9.791,43.886,14.632,False,False,0
pox,31,web,h3,h6,s3->s2->s5->s6,0.886,25.007,36.395,18.295,False,False,0
pox,32,video,h1,h2,s1->s2,5.547,4.942,42.487,15.634,False,False,0
pox,33,video,h4,h6,s4->s3->s6,5.671,14.922,41.156,18.468,False,False,0
pox,34,video,h1,h2,s1->s2,5.761,4.24,30.731,18.625,False,False,0
pox,35,file,h6,h5,s6->s3->s2->s5,7.38,18.872,45.804,14.888,False,False,0
pox,36,web,h3,h6,s3->s2->s5->s6,0.916,22.803,43.727,14.555,False,False,0
pox,37,voip,h2,h6,s2->s3->s6,0.109,10.355,46.027,14.304,False,False,0
pox,38,file,h5,h3,s5->s4->s3,0.73,25.241,48.595,21.461,False,False,2
pox,39,video,h3,h5,s3->s2->s5,4.558,13.853,44.011,22.189,False,False,2
pox,40,voip,h4,h3,s4->s3,0.115,11.611,47.324,18.843,False,False,1
pox,41,file,h4,h6,s4->s1->s6,6.153,32.514,45.614,14.175,True,True,0
pox,42,voip,h2,h3,s2->s3,0.106,5.173,50.524,18.151,False,False,0
pox,43,file,h5,h3,s5->s4->s3,3.804,22.359,46.507,18.208,False,False,0
pox,44,file,h1,h3,s1->s2->s3,4.39,11.62,50.794,19.251,False,False,1
pox,45,file,h3,h6,s3->s6,13.399,6.217,41.707,17.767,True,True,0
pox,46,video,h4,h6,s4->s3->s6,5.919,13.87,47.689,15.566,False,False,0
pox,47,voip,h3,h4,s3->s4,0.112,9.362,47.357,15.509,False,False,0
pox,48,file,h4,h3,s4->s5->s6->s3,0.666,34.699,46.347,20.486,False,False,2
pox,49,voip,h6,h4,s6->s3->s4,0.108,16.588,47.761,21.335,False,False,2
pox,50,voip,h2,h6,s2->s3->s6,0.118,11.655,41.683,18.731,False,False,2
pox,51,voip,h6,h3,s6->s3,0.123,6.96,47.757,18.78,False,False,0
pox,52,video,h3,h5,s3->s2->s5,5.565,12.451,42.941,14.027,False,False,0
pox,53,voip,h2,h3,s2->s3,0.111,4.942,37.062,15.067,False,False,0
pox,54,file,h4,h6,s4->s1->s6,7.537,29.451,47.35,17.408,False,False,0
pox,55,web,h5,h2,s5->s2,0.993,8.329,45.941,16.108,False,False,0
pox,56,file,h4,h3,s4->s5->s6->s3,5.015,28.596,47.341,17.934,False,False,0
pox,57,web,h4,h1,s4->s1,1.029,16.712,35.172,19.849,False,False,1
pox,58,file,h3,h6,s3->s6,12.104,5.519,42.165,17.539,False,False,1
pox,59,voip,h4,h2,s4->s3->s2,0.118,12.878,45.261,15.055,False,False,0
pox,60,file,h1,h3,s1->s2->s3,16.186,9.018,46.114,14.412,False,False,0
pox,61,file,h4,h3,s4->s5->s6->s3,7.067,27.809,48.888,18.854,False,False,0
pox,62,file,h4,h1,s4->s3->s2->s1,2.239,20.088,42.731,17.104,False,False,1
pox,63,file,h2,h3,s2->s5->s6->s3,0.669,27.872,48.934,19.304,False,False,1
pox,64,video,h1,h3,s1->s2->s3,1.347,11.007,46.442,24.624,False,False,3
pox,65,video,h1,h4,s1->s4,0.739,17.578,42.71,25.775,False,False,4
pox,66,file,h5,h3,s5->s4->s3,0.645,26.086,43.266,22.273,False,False,4
pox,67,file,h4,h6,s4->s1->s6,1.003,35.376,48.098,20.299,True,True,3
pox,68,video,h1,h3,s1->s2->s3,5.825,11.523,47.868,23.682,False,False,3
pox,69,video,h4,h6,s4->s3->s6,0.871,18.778,42.729,24.024,True,True,3
pox,70,file,h1,h5,s1->s2->s5,1.035,16.001,41.848,23.343,False,False,3
pox,71,file,h5,h6,s5->s6,0.695,15.533,47.891,25.121,False,False,4
pox,72,file,h3,h6,s3->s6,6.581,6.578,44.749,21.785,False,False,3
pox,73,file,h2,h3,s2->s3,9.761,5.892,50.34,18.76,True,True,1
pox,74,file,h4,h3,s4->s3,0.801,10.582,51.36,16.341,False,False,1
pox,75,voip,h6,h4,s6->s3->s4,0.119,16.266,56.272,17.188,False,False,1
pox,76,voip,h3,h4,s3->s6->s1->s4,0.115,40.547,45.87,18.635,True,True,1
pox,77,video,h4,h6,s4->s5->s2->s3->s6,0.712,33.493,44.24,24.541,True,True,3
pox,78,file,h4,h3,s4->s3,3.782,10.479,49.515,18.651,False,False,2
pox,79,voip,h2,h6,s2->s3->s6,0.118,12.778,54.903,20.121,False,False,2
pox,80,voip,h2,h6,s2->s3->s6,0.117,12.695,50.637,17.886,False,False,0
pox,81,voip,h2,h3,s2->s3,0.122,5.931,45.452,18.788,False,False,0
pox,82,voip,h2,h3,s2->s3,0.112,6.59,47.096,16.526,False,False,0
pox,83,web,h6,h3,s6->s3,0.969,9.127,48.487,17.106,False,False,1
pox,84,voip,h2,h4,s2->s3->s4,0.107,13.766,48.19,20.787,False,False,1
pox,85,web,h6,h3,s6->s1->s2->s3,0.953,30.295,44.567,20.511,True,True,1
pox,86,web,h6,h3,s6->s1->s2->s3,0.883,30.547,50.855,15.811,False,False,0
pox,87,voip,h3,h6,s3->s6,0.107,6.824,46.246,18.781,False,False,0
pox,88,file,h6,h5,s6->s3->s2->s5,5.593,17.626,38.103,18.223,False,False,0
pox,89,video,h1,h3,s1->s2->s3,6.158,7.912,48.458,18.587,False,False,0
pox,90,voip,h6,h4,s6->s3->s4,0.113,15.082,43.314,14.564,False,False,0
pox,91,file,h6,h3,s6->s3,8.677,6.549,47.102,18.428,False,False,0
pox,92,web,h3,h6,s3->s2->s5->s6,1.026,21.201,45.82,18.932,False,False,0
pox,93,video,h1,h3,s1->s2->s3,6.002,9.837,42.555,14.704,False,False,0
pox,94,file,h1,h2,s1->s2,3.992,6.802,42.314,19.617,False,False,1
pox,95,video,h6,h3,s6->s3,5.195,7.421,42.675,16.612,False,False,0
pox,96,web,h3,h1,s3->s4->s1,0.634,27.216,42.768,22.425,False,False,2
pox,97,voip,h4,h2,s4->s5->s2,0.118,17.844,49.276,22.814,True,True,2
pox,98,file,h5,h2,s5->s2,3.103,8.582,43.173,19.676,False,False,2
pox,99,video,h3,h5,s3->s6->s5,2.814,19.445,45.269,18.266,True,True,1
pox,100,file,h1,h2,s1->s2,10.207,6.594,47.845,19.93,False,False,1
pox,101,file,h4,h6,s4->s5->s6,0.723,29.675,49.457,21.331,False,False,2
pox,102,file,h4,h6,s4->s1->s2->s3->s6,0.72,33.1,44.126,25.496,False,False,5
pox,103,video,h6,h3,s6->s1->s2->s3,3.201,32.193,45.776,25.146,True,True,5
pox,104,voip,h2,h6,s2->s3->s6,0.118,11.26,46.619,22.611,False,False,3
pox,105,web,h2,h3,s2->s3,0.892,6.122,47.859,17.049,False,False,0
pox,106,voip,h6,h4,s6->s3->s4,0.108,16.528,44.234,18.149,False,False,0
pox,107,voip,h1,h3,s1->s2->s3,0.12,9.547,47.81,18.565,False,False,0
pox,108,voip,h1,h3,s1->s2->s3,0.119,10.365,42.144,18.423,False,False,0
pox,109,video,h1,h4,s1->s4,4.162,13.836,45.999,16.342,False,False,0
pox,110,web,h3,h1,s3->s4->s1,1.024,21.023,47.602,15.124,False,False,0
pox,111,file,h1,h2,s1->s2,10.876,4.517,43.049,15.617,False,False,0
pox,112,file,h6,h5,s6->s3->s2->s5,9.766,15.921,37.176,14.962,False,False,0
pox,113,file,h3,h6,s3->s6,10.097,7.053,43.907,16.208,False,False,0
pox,114,web,h1,h6,s1->s6,0.933,20.987,44.576,16.524,False,False,0
pox,115,video,h6,h3,s6->s1->s2->s3,5.344,27.836,47.111,14.242,False,False,0
pox,116,web,h3,h1,s3->s4->s1,0.989,21.003,49.09,14.69,False,False,0
pox,117,web,h6,h3,s6->s3,0.957,8.294,50.892,17.706,False,False,1
pox,118,web,h4,h1,s4->s1,0.88,12.642,57.268,15.32,False,False,0
pox,119,web,h1,h2,s1->s2,1.016,4.186,61.148,16.234,False,False,0
pox,120,voip,h6,h3,s6->s3,0.111,8.31,46.685,17.094,False,False,0
pox,121,file,h4,h3,s4->s5->s6->s3,6.995,27.488,46.489,14.143,False,False,0
pox,122,voip,h2,h4,s2->s3->s4,0.108,10.832,50.036,14.496,False,False,0
pox,123,video,h2,h5,s2->s5,5.832,7.737,48.534,16.081,False,False,0
pox,124,voip,h2,h6,s2->s3->s6,0.114,11.064,48.695,15.777,False,False,0
pox,125,file,h4,h3,s4->s3,11.342,7.097,46.427,18.446,False,False,0
pox,126,file,h5,h6,s5->s6,8.929,9.545,58.884,18.813,False,False,0
pox,127,voip,h2,h4,s2->s3->s4,0.119,12.023,70.554,15.31,False,False,0
pox,128,file,h5,h3,s5->s4->s3,9.167,16.557,51.57,14.079,False,False,0
pox,129,video,h2,h1,s2->s1,5.515,4.482,45.633,17.094,False,False,0
pox,130,file,h6,h3,s6->s3,12.553,7.357,46.321,14.209,False,False,0
pox,131,voip,h2,h6,s2->s3->s6,0.122,10.794,52.048,17.813,False,False,0
pox,132,file,h1,h5,s1->s2->s5,3.201,12.835,49.803,19.907,False,False,1
pox,133,web,h2,h4,s2->s3->s4,0.884,10.838,46.451,16.605,False,False,0
pox,134,file,h5,h6,s5->s6,9.86,11.1,44.561,16.206,False,False,0
pox,135,voip,h4,h5,s4->s5,0.118,9.709,44.237,18.753,False,False,0
pox,136,web,h2,h1,s2->s1,0.891,6.258,50.719,17.622,False,False,0
pox,137,file,h4,h6,s4->s1->s6,7.583,29.426,47.776,17.157,False,False,0
pox,138,file,h2,h3,s2->s3,12.321,5.005,48.39,15.652,False,False,0
pox,139,file,h1,h5,s1->s2->s5,8.371,12.54,50.181,18.694,False,False,0
pox,140,web,h3,h1,s3->s4->s1,0.94,17.649,42.089,16.991,False,False,0
pox,141,video,h1,h5,s1->s4->s5,5.256,25.261,43.684,17.405,False,False,0
pox,142,video,h1,h2,s1->s2,5.57,4.345,42.049,17.511,False,False,0
pox,143,web,h1,h4,s1->s2->s3->s4,0.98,20.349,47.162,17.037,False,False,0
pox,144,web,h3,h4,s3->s6->s5->s4,0.641,33.544,46.3,20.381,False,False,2
pox,145,web,h3,h4,s3->s4,0.865,11.356,42.108,18.39,True,True,2
pox,146,video,h6,h2,s6->s3->s2,1.188,13.347,42.953,26.824,False,False,4
pox,147,voip,h6,h3,s6->s1->s4->s3,0.107,43.497,48.7,22.694,True,True,3
pox,148,file,h6,h5,s6->s1->s2->s5,5.565,33.861,46.371,21.094,True,True,3
pox,149,web,h3,h6,s3->s6,0.932,7.426,45.584,18.755,False,False,0
pox,150,file,h1,h5,s1->s2->s5,11.493,10.637,43.213,18.015,False,False,0
pox,151,web,h6,h2,s6->s5->s2,0.674,23.617,44.124,21.18,False,False,2
pox,152,web,h5,h4,s5->s2->s1->s4,0.71,30.488,46.733,22.757,False,False,4
pox,153,web,h3,h2,s3->s2,1.012,5.197,44.187,21.897,False,False,3
pox,154,file,h6,h4,s6->s3->s4,0.887,18.563,44.106,22.776,False,False,4
pox,155,web,h4,h1,s4->s5->s6->s1,1.008,47.959,46.234,22.799,True,True,3
pox,156,voip,h6,h3,s6->s1->s2->s3,0.119,33.211,43.414,20.26,True,True,2
pox,157,file,h1,h2,s1->s2,8.749,5.735,44.22,18.45,False,False,0
pox,158,voip,h4,h5,s4->s5,0.121,11.3,33.27,15.451,False,False,0
pox,159,file,h4,h6,s4->s1->s2->s3->s6,4.643,29.548,45.298,15.164,False,False,0
pox,160,voip,h4,h5,s4->s5,0.118,10.98,37.498,16.013,False,False,0
pox,161,voip,h4,h5,s4->s5,0.121,10.775,42.228,15.243,False,False,0
pox,162,voip,h4,h3,s4->s3,0.109,10.526,42.415,15.705,False,False,0
pox,163,voip,h6,h4,s6->s3->s4,0.112,14.914,41.236,16.801,False,False,0
pox,164,file,h4,h6,s4->s5->s6,6.321,22.954,46.983,14.37,False,False,0
pox,165,file,h3,h2,s3->s2,7.014,6.334,46.178,14.632,False,False,0
pox,166,video,h1,h6,s1->s2->s3->s6,1.411,16.918,40.947,21.442,False,False,2
pox,167,voip,h5,h4,s5->s4,0.122,10.592,44.182,19.119,False,False,2
pox,168,file,h5,h3,s5->s4->s3,8.083,19.335,44.851,21.869,False,False,2
pox,169,file,h3,h2,s3->s4->s5->s2,8.083,26.327,43.823,14.549,True,True,0
pox,170,file,h3,h2,s3->s4->s5->s2,8.515,24.559,40.73,16.963,False,False,0
pox,171,voip,h3,h4,s3->s6->s1->s4,0.116,37.888,43.696,17.062,False,False,0
pox,172,video,h5,h4,s5->s4,0.707,14.469,47.468,16.198,False,False,1
pox,173,voip,h4,h3,s4->s3,0.115,8.137,35.33,19.467,False,False,1
pox,174,video,h5,h4,s5->s2->s1->s4,3.259,26.097,41.028,19.286,True,True,1
pox,175,video,h1,h3,s1->s2->s3,3.268,11.909,42.3,17.397,False,False,1
pox,176,voip,h6,h4,s6->s3->s4,0.111,13.774,45.324,18.315,False,False,1
pox,177,video,h6,h2,s6->s5->s2,0.645,24.49,42.318,18.43,False,False,2
pox,178,web,h4,h1,s4->s1,0.977,15.184,45.528,18.171,False,False,2
pox,179,web,h6,h3,s6->s3,0.934,5.955,51.22,22.161,False,False,2
pox,180,voip,h2,h3,s2->s3,0.112,5.48,45.065,14.909,False,False,0
pox,181,file,h4,h3,s4->s3,10.474,7.454,46.217,14.851,False,False,0
pox,182,file,h4,h6,s4->s1->s6,6.375,32.914,47.567,18.108,False,False,0
pox,183,voip,h3,h6,s3->s6,0.122,7.226,50.485,17.74,False,False,0
pox,184,video,h1,h2,s1->s2,5.943,4.783,41.932,16.877,False,False,0
pox,185,voip,h4,h2,s4->s5->s2,0.119,17.954,44.767,18.594,False,False,0
pox,186,web,h4,h3,s4->s3,1.015,8.469,45.021,15.622,False,False,0
pox,187,web,h3,h6,s3->s2->s5->s6,0.958,23.227,44.876,14.834,False,False,0
pox,188,web,h2,h3,s2->s3,0.931,4.661,44.263,14.593,False,False,0
pox,189,video,h1,h3,s1->s2->s3,6.115,9.069,48.203,17.347,False,False,0
pox,190,video,h2,h1,s2->s1,5.573,5.643,44.512,15.642,False,False,0
pox,191,voip,h2,h3,s2->s3,0.123,5.468,43.982,16.478,False,False,0
pox,192,voip,h4,h5,s4->s5,0.11,10.124,43.513,17.652,False,False,0
pox,193,web,h2,h1,s2->s1,0.943,5.916,42.17,14.159,False,False,0
pox,194,web,h6,h5,s6->s3->s2->s5,1.01,20.687,34.693,17.235,False,False,1
pox,195,web,h3,h6,s3->s6,0.904,6.504,46.916,16.889,False,False,0
pox,196,file,h5,h3,s5->s4->s3,9.559,16.02,44.836,15.102,False,False,0
pox,197,video,h2,h3,s2->s1->s4->s3,0.642,29.75,44.612,16.321,False,False,1
pox,198,voip,h4,h5,s4->s5,0.12,10.674,43.856,18.871,False,False,1
pox,199,web,h1,h2,s1->s2,0.922,6.464,46.186,21.734,False,False,2
pox,200,video,h2,h5,s2->s3->s6->s5,3.697,24.395,41.503,19.415,False,False,1
pox,201,web,h5,h1,s5->s4->s1,0.662,30.995,41.57,21.997,False,False,2
pox,202,file,h4,h6,s4->s3->s6,1.527,17.706,44.987,24.358,True,True,4
pox,203,video,h1,h4,s1->s6->s5->s4,1.11,46.96,46.52,22.758,True,True,4
pox,204,web,h6,h1,s6->s1,0.903,22.192,46.424,20.005,False,False,2
pox,205,web,h2,h1,s2->s1,0.886,5.411,43.916,19.384,False,False,2
pox,206,file,h3,h4,s3->s2->s5->s4,0.636,28.136,33.308,25.141,False,False,4
pox,207,voip,h4,h5,s4->s5,0.122,15.633,43.055,20.019,False,False,3
pox,208,file,h4,h1,s4->s1,0.734,16.757,40.738,22.563,False,False,3
pox,209,video,h1,h6,s1->s2->s3->s6,6.034,15.421,43.986,17.696,False,False,1
pox,210,file,h4,h1,s4->s3->s2->s1,0.863,21.093,43.443,24.05,False,False,4
pox,211,voip,h1,h4,s1->s4,0.118,15.768,43.235,20.617,False,False,3
pox,212,file,h2,h3,s2->s5->s6->s3,0.635,29.941,41.228,30.546,False,False,6
pox,213,web,h5,h3,s5->s2->s3,1.006,13.889,41.23,23.869,False,False,4
pox,214,file,h1,h5,s1->s6->s5,0.976,36.085,47.02,25.461,True,True,4
pox,215,file,h1,h2,s1->s2,7.854,5.396,50.368,24.737,False,False,3
pox,216,video,h4,h3,s4->s3,0.82,11.089,46.412,18.016,False,False,2
pox,217,video,h2,h5,s2->s1->s4->s5,4.566,30.52,44.541,18.702,True,True,1
pox,218,video,h6,h2,s6->s5->s2,3.382,22.09,41.923,18.052,False,False,1
pox,219,voip,h5,h1,s5->s2->s1,0.117,13.084,45.067,17.512,False,False,0
pox,220,voip,h2,h6,s2->s3->s6,0.116,10.972,41.19,16.402,False,False,0
pox,221,voip,h2,h6,s2->s3->s6,0.117,12.202,47.446,17.761,False,False,0
pox,222,web,h5,h3,s5->s2->s3,0.937,12.708,42.066,15.31,False,False,0
pox,223,file,h1,h3,s1->s2->s3,12.603,10.468,47.22,15.453,False,False,0
pox,224,video,h2,h3,s2->s1->s4->s3,5.813,25.819,44.412,16.349,False,False,0
pox,225,file,h6,h3,s6->s3,2.095,7.708,44.894,17.97,False,False,1
pox,226,video,h2,h5,s2->s5,6.104,7.154,47.067,16.826,False,False,1
pox,227,video,h6,h2,s6->s1->s2,1.686,34.005,42.083,18.433,True,True,0
pox,228,file,h3,h1,s3->s2->s1,2.046,10.955,42.895,20.552,False,False,1
pox,229,web,h4,h1,s4->s1,0.7,17.119,42.259,22.461,False,False,2
pox,230,file,h1,h3,s1->s2->s5->s4->s3,0.698,39.463,44.382,28.49,False,False,5
pox,231,voip,h3,h6,s3->s6,0.113,7.043,42.742,26.48,False,False,5
pox,232,web,h1,h6,s1->s2->s3->s6,0.964,15.845,44.399,23.134,False,False,3
pox,233,web,h3,h4,s3->s6->s5->s4,1.006,30.051,45.23,17.624,True,True,1
pox,234,voip,h3,h6,s3->s6,0.118,8.047,44.482,16.936,False,False,1
pox,235,web,h2,h3,s2->s3,0.885,7.019,33.754,18.814,False,False,1
pox,236,web,h1,h4,s1->s4,0.899,15.543,42.036,19.655,True,True,1
pox,237,voip,h5,h6,s5->s6,0.118,11.707,43.666,14.391,False,False,0
pox,238,voip,h3,h5,s3->s6->s5,0.112,16.694,47.131,16.33,False,False,0
pox,239,file,h5,h6,s5->s6,0.685,14.629,45.341,18.723,False,False,1
raw,0,video,h3,h6,s3->s6,5.584,6.602,40.07,12.419,False,False,0
raw,1,video,h3,h6,s3->s6,5.913,5.867,39.165,12.9,False,False,0
raw,2,video,h3,h6,s3->s6,5.736,5.203,41.763,12.362,False,False,0
raw,3,video,h6,h1,s6->s3->s2->s1,5.994,13.28,41.505,13.09,False,False,0
raw,4,video,h3,h1,s3->s4->s1,5.329,22.087,39.718,11.967,False,False,0
raw,5,video,h6,h1,s6->s3->s2->s1,5.381,14.55,41.382,10.485,False,False,0
raw,6,web,h2,h3,s2->s3,1.018,3.938,41.662,12.292,False,False,0
raw,7,video,h6,h1,s6->s3->s2->s1,5.453,12.37,42.484,12.803,False,False,0
raw,8,video,h3,h6,s3->s6,5.895,5.958,45.436,12.981,False,False,0
raw,9,file,h1,h6,s1->s2->s3->s6,3.324,15.451,43.79,15.383,False,False,1
raw,10,file,h1,h6,s1->s4->s5->s6,0.645,42.94,44.52,13.462,True,True,1
raw,11,video,h6,h1,s6->s3->s2->s1,5.06,16.226,44.286,12.002,False,False,1
raw,12,video,h6,h1,s6->s3->s2->s1,6.013,14.873,40.992,13.14,False,False,1
raw,13,video,h3,h6,s3->s6,5.784,7.012,41.19,11.384,False,False,0
raw,14,file,h1,h4,s1->s2->s3->s4,2.622,20.558,47.108,12.557,False,False,1
raw,15,file,h1,h4,s1->s2->s5->s4,0.735,25.981,42.246,15.052,True,True,2
raw,16,video,h3,h6,s3->s6,5.324,6.148,44.623,17.146,False,False,2
raw,17,video,h3,h6,s3->s6,5.407,6.526,41.731,14.549,False,False,2
raw,18,file,h1,h6,s1->s6,6.282,21.387,42.608,12.815,True,True,0
raw,19,video,h2,h3,s2->s3,1.382,7.438,40.414,15.194,False,False,1
raw,20,voip,h2,h1,s2->s1,0.116,5.813,40.532,12.692,False,False,1
raw,21,file,h1,h6,s1->s6,7.058,19.671,41.624,14.341,False,False,1
raw,22,file,h1,h6,s1->s6,7.093,20.651,42.103,13.51,False,False,0
raw,23,web,h1,h2,s1->s2,0.948,6.117,40.112,12.547,False,False,0
raw,24,video,h3,h6,s3->s6,5.693,5.74,39.597,13.85,False,False,0
raw,25,video,h2,h1,s2->s1,5.646,6.423,39.525,10.756,False,False,0
raw,26,voip,h1,h6,s1->s6,0.114,20.615,41.091,10.301,False,False,0
raw,27,file,h1,h4,s1->s2->s5->s4,6.283,22.353,38.264,11.544,False,False,0
raw,28,video,h3,h1,s3->s4->s1,5.884,20.906,39.698,10.518,False,False,0
raw,29,voip,h1,h6,s1->s6,0.112,21.597,41.633,11.87,False,False,0
raw,30,file,h1,h4,s1->s2->s5->s4,6.926,20.967,40.716,10.789,False,False,0
raw,31,video,h2,h1,s2->s1,5.748,6.557,39.389,13.596,False,False,0
raw,32,file,h1,h4,s1->s2->s5->s4,7.916,21.402,39.861,10.156,False,False,0
raw,33,file,h1,h4,s1->s2->s5->s4,8.392,21.849,42.27,13.87,False,False,0
raw,34,file,h1,h4,s1->s2->s5->s4,8.268,20.067,39.111,11.388,False,False,0
raw,35,video,h2,h1,s2->s1,6.112,5.677,40.256,11.54,False,False,0
raw,36,video,h3,h6,s3->s6,5.566,4.877,37.828,10.844,False,False,0
raw,37,video,h3,h1,s3->s4->s1,6.157,17.49,43.293,12.398,False,False,0
raw,38,file,h4,h2,s4->s3->s2,2.728,14.538,41.376,12.909,False,False,1
raw,39,file,h5,h6,s5->s6,0.996,14.336,30.958,12.043,False,False,1
raw,40,voip,h2,h3,s2->s3,0.12,5.707,40.66,15.359,False,False,1
raw,41,file,h1,h6,s1->s6,7.168,20.336,39.464,13.282,False,False,1
raw,42,file,h1,h4,s1->s2->s5->s4,8.707,19.852,42.175,10.08,False,False,0
raw,43,file,h4,h2,s4->s3->s2,5.44,13.626,44.748,12.719,False,False,0
raw,44,voip,h1,h6,s1->s6,0.112,20.376,56.819,12.182,False,False,0
raw,45,voip,h2,h5,s2->s5,0.119,6.313,40.572,11.691,False,False,0
raw,46,file,h4,h2,s4->s3->s2,7.778,14.302,46.654,12.863,False,False,0
raw,47,video,h6,h1,s6->s3->s2->s1,5.639,13.828,48.006,12.529,False,False,0
raw,48,file,h2,h5,s2->s5,6.682,8.03,47.868,12.102,False,False,0
raw,49,voip,h6,h5,s6->s3->s2->s5,0.109,17.564,40.404,13.415,False,False,0
raw,50,voip,h3,h6,s3->s6,0.107,5.339,43.272,10.982,False,False,0
raw,51,video,h6,h1,s6->s3->s2->s1,5.409,12.019,43.264,10.799,False,False,0
raw,52,file,h5,h4,s5->s4,1.501,13.548,42.68,13.664,False,False,1
raw,53,web,h6,h5,s6->s3->s2->s5,0.918,19.973,51.371,17.798,False,False,2
raw,54,video,h3,h6,s3->s6,5.862,7.402,42.499,15.727,False,False,1
raw,55,video,h3,h6,s3->s6,5.391,6.683,41.676,12.902,False,False,1
raw,56,file,h5,h4,s5->s4,3.526,14.469,42.122,11.293,False,False,0
raw,57,file,h1,h2,s1->s2,10.66,4.89,42.124,11.755,False,False,0
raw,58,file,h1,h2,s1->s2,11.677,4.549,40.493,10.705,False,False,0
raw,59,file,h1,h6,s1->s6,7.446,19.698,40.82,10.769,False,False,0
raw,60,file,h5,h4,s5->s6->s3->s4,0.683,30.767,41.636,19.191,False,False,3
raw,61,file,h5,h4,s5->s2->s1->s4,1.009,28.201,40.963,18.634,True,True,3
raw,62,voip,h1,h6,s1->s6,0.123,19.211,41.016,16.034,False,False,2
raw,63,voip,h1,h3,s1->s2->s3,0.107,9.292,38.893,12.781,False,False,1
raw,64,web,h4,h2,s4->s3->s2,0.958,14.557,40.565,10.023,False,False,0
raw,65,web,h2,h3,s2->s3,0.984,5.073,43.582,13.889,False,False,0
raw,66,voip,h2,h5,s2->s5,0.121,8.495,40.843,10.727,False,False,0
raw,67,video,h2,h1,s2->s1,6.007,6.119,40.871,13.823,False,False,0
raw,68,file,h4,h1,s4->s3->s2->s1,0.803,21.765,46.808,17.365,False,False,2
raw,69,web,h4,h2,s4->s5->s2,1.023,18.23,42.261,17.969,True,True,2
raw,70,file,h4,h2,s4->s5->s2,1.599,22.715,42.767,18.814,True,True,3
raw,71,voip,h6,h5,s6->s3->s2->s5,0.116,19.785,41.897,14.227,False,False,1
raw,72,voip,h1,h6,s1->s6,0.122,19.976,42.801,13.996,False,False,0
raw,73,file,h1,h4,s1->s2->s5->s4,3.438,26.231,42.371,11.324,False,False,0
raw,74,web,h4,h2,s4->s5->s2,0.923,21.876,39.535,12.25,False,False,0
raw,75,video,h6,h1,s6->s3->s2->s1,5.706,14.308,40.967,10.931,False,False,0
raw,76,video,h2,h1,s2->s1,6.168,5.601,40.999,12.745,False,False,0
raw,77,video,h3,h1,s3->s4->s1,5.877,19.904,44.3,10.036,False,False,0
raw,78,file,h4,h2,s4->s3->s2,0.925,15.661,43.707,15.426,False,False,1
raw,79,file,h5,h4,s5->s4,5.714,11.659,42.895,14.696,False,False,1
raw,80,voip,h6,h5,s6->s3->s2->s5,0.123,16.606,42.546,13.866,False,False,1
raw,81,video,h3,h1,s3->s6->s1,5.416,25.254,43.76,13.007,True,True,0
raw,82,video,h4,h6,s4->s5->s6,1.509,27.521,42.383,15.258,False,False,1
raw,83,voip,h1,h6,s1->s6,0.112,21.502,45.173,12.336,False,False,1
raw,84,voip,h1,h6,s1->s6,0.112,20.623,40.749,11.791,False,False,0
raw,85,web,h6,h4,s6->s3->s2->s1->s4,0.673,31.813,39.964,14.826,False,False,2
raw,86,video,h1,h6,s1->s6,1.456,30.767,35.789,14.438,False,False,1
raw,87,video,h4,h3,s4->s3,0.807,10.772,86.734,14.569,False,False,2
raw,88,video,h3,h6,s3->s6,5.368,8.045,41.282,13.129,False,False,1
raw,89,file,h5,h6,s5->s6,6.415,12.979,41.676,15.383,False,False,1
raw,90,video,h2,h3,s2->s5->s6->s3,1.054,29.072,41.992,14.836,False,False,1
raw,91,voip,h6,h1,s6->s3->s2->s1,0.111,16.789,38.465,14.202,False,False,1
raw,92,file,h5,h2,s5->s2,0.956,9.221,44.02,12.739,False,False,1
raw,93,video,h3,h1,s3->s2->s1,5.332,9.925,40.018,12.314,False,False,1
raw,94,web,h6,h5,s6->s3->s4->s5,0.92,26.192,40.978,12.95,True,True,1
raw,95,web,h2,h3,s2->s3,0.977,4.689,41.596,10.525,False,False,0
raw,96,file,h5,h4,s5->s4,0.698,16.127,40.652,12.897,False,False,1
raw,97,file,h2,h5,s2->s5,5.393,7.928,37.771,12.637,False,False,1
raw,98,file,h5,h4,s5->s2->s1->s4,6.159,24.313,40.387,12.541,False,False,1
raw,99,voip,h3,h5,s3->s2->s5,0.113,12.308,41.722,13.875,False,False,0
raw,100,web,h4,h2,s4->s5->s2,1.015,22.065,40.088,10.796,False,False,0
raw,101,web,h3,h5,s3->s2->s5,0.942,15.867,40.376,17.502,False,False,2
raw,102,file,h2,h4,s2->s1->s4,0.683,22.014,38.829,17.948,False,False,2
raw,103,voip,h4,h1,s4->s3->s2->s1,0.113,18.159,38.486,16.066,False,False,2
raw,104,video,h6,h1,s6->s3->s2->s1,5.422,15.422,38.388,15.008,False,False,1
raw,105,file,h1,h2,s1->s2,9.275,5.882,31.845,13.798,False,False,0
raw,106,video,h4,h1,s4->s3->s2->s1,3.733,19.361,39.049,15.557,False,False,2
raw,107,video,h4,h2,s4->s5->s2,0.695,22.929,39.448,17.601,False,False,2
raw,108,voip,h5,h3,s5->s6->s3,0.113,17.059,40.551,15.295,False,False,2
raw,109,file,h2,h1,s2->s1,1.396,7.225,38.482,16.405,False,False,3
raw,110,file,h3,h2,s3->s2,1.358,7.432,37.896,14.513,False,False,2
raw,111,file,h4,h2,s4->s5->s2,3.119,20.888,41.822,17.492,False,False,2
raw,112,web,h2,h3,s2->s5->s6->s3,0.938,24.68,42.545,13.082,True,True,1
raw,113,video,h2,h3,s2->s5->s6->s3,4.939,23.392,40.482,13.017,False,False,0
raw,114,file,h5,h4,s5->s4,4.734,12.043,41.898,13.84,False,False,0
raw,115,voip,h3,h6,s3->s6,0.119,6.386,45.191,13.983,False,False,0
raw,116,file,h4,h1,s4->s1,0.694,16.728,45.005,14.17,False,False,1
raw,117,voip,h5,h6,s5->s6,0.118,9.899,39.925,12.186,False,False,1
raw,118,video,h4,h1,s4->s3->s2->s1,5.774,18.35,41.501,14.962,False,False,1
raw,119,video,h6,h5,s6->s5,3.445,12.697,39.101,12.209,False,False,0
raw,120,web,h4,h3,s4->s3,0.884,8.214,39.252,13.36,False,False,0
raw,121,file,h3,h2,s3->s2,12.983,4.837,43.331,10.071,False,False,0
raw,122,web,h2,h1,s2->s1,0.89,6.352,42.728,13.227,False,False,0
raw,123,voip,h3,h1,s3->s2->s1,0.109,10.944,42.025,11.212,False,False,0
raw,124,video,h6,h3,s6->s3,5.604,6.192,41.228,13.226,False,False,0
raw,125,video,h4,h6,s4->s3->s6,5.927,15.243,40.916,10.082,False,False,0
raw,126,voip,h4,h1,s4->s1,0.12,14.408,40.468,10.407,False,False,0
raw,127,file,h4,h2,s4->s5->s2,7.7,16.888,40.782,11.177,False,False,0
raw,128,file,h1,h6,s1->s6,0.465,31.893,43.777,14.728,False,False,1
raw,129,file,h1,h2,s1->s2,11.569,6.154,41.22,15.095,False,False,1
raw,130,web,h6,h4,s6->s3->s2->s1->s4,0.978,25.562,40.984,13.643,False,False,1
raw,131,file,h3,h2,s3->s2,16.724,5.272,41.654,12.913,False,False,0
raw,132,voip,h3,h5,s3->s2->s5,0.109,11.828,39.502,13.18,False,False,0
raw,133,file,h5,h4,s5->s4,8.646,9.796,42.365,13.501,False,False,0
raw,134,voip,h3,h5,s3->s2->s5,0.118,11.058,38.778,10.616,False,False,0
raw,135,voip,h1,h4,s1->s4,0.123,11.427,38.358,13.632,False,False,0
raw,136,voip,h2,h3,s2->s3,0.121,4.51,40.215,10.498,False,False,0
raw,137,video,h3,h5,s3->s2->s5,5.772,13.186,40.643,12.412,False,False,0
raw,138,video,h4,h5,s4->s5,4.163,12.481,40.097,12.297,False,False,0
raw,139,file,h1,h2,s1->s2,16.093,4.46,40.477,12.09,False,False,0
raw,140,voip,h4,h1,s4->s1,0.119,11.713,41.125,12.025,False,False,0
raw,141,file,h5,h6,s5->s6,9.995,10.83,42.637,13.206,False,False,0
raw,142,file,h4,h3,s4->s3,2.486,10.123,40.693,15.423,False,False,1
raw,143,voip,h4,h1,s4->s1,0.117,12.356,41.838,11.578,True,True,0
raw,144,web,h1,h5,s1->s2->s5,0.886,13.649,39.774,12.662,False,False,1
raw,145,video,h2,h3,s2->s3,6.119,5.714,41.573,13.07,True,True,0
raw,146,video,h6,h1,s6->s3->s2->s1,5.633,13.341,38.595,13.03,False,False,0
raw,147,voip,h1,h4,s1->s4,0.121,12.127,39.518,13.686,False,False,0
raw,148,web,h4,h6,s4->s5->s6,0.635,27.858,42.123,14.25,False,False,2
raw,149,video,h3,h5,s3->s2->s5,5.467,12.191,41.048,17.674,False,False,2
raw,150,file,h2,h3,s2->s3,6.662,6.694,44.725,14.198,False,False,1
raw,151,web,h1,h2,s1->s2,1.005,6.201,43.561,10.142,False,False,0
raw,152,file,h1,h3,s1->s2->s3,1.411,10.4,41.821,12.259,False,False,1
raw,153,file,h1,h3,s1->s4->s3,3.024,23.528,43.338,15.17,True,True,1
raw,154,file,h4,h5,s4->s3->s6->s5,0.666,31.833,42.625,16.407,False,False,3
raw,155,voip,h1,h3,s1->s2->s3,0.113,9.989,41.379,17.623,False,False,2
raw,156,video,h1,h6,s1->s6,5.701,21.137,45.341,16.282,False,False,2
raw,157,file,h1,h4,s1->s2->s5->s4,5.106,22.411,41.485,12.916,False,False,0
raw,158,web,h2,h3,s2->s5->s6->s3,0.974,25.367,42.584,10.196,False,False,0
raw,159,video,h3,h2,s3->s2,3.963,5.378,44.375,14.531,False,False,1
raw,160,video,h4,h2,s4->s5->s2,0.912,23.218,42.306,15.366,False,False,1
raw,161,voip,h2,h3,s2->s3,0.119,6.141,33.718,15.393,False,False,1
raw,162,video,h2,h1,s2->s1,5.949,5.729,41.148,12.184,False,False,1
raw,163,file,h4,h3,s4->s3,6.958,10.671,41.003,10.352,False,False,0
raw,164,video,h6,h4,s6->s3->s4,1.776,16.134,40.534,15.086,False,False,1
raw,165,voip,h4,h1,s4->s1,0.116,12.314,42.332,13.334,False,False,1
raw,166,file,h4,h3,s4->s1->s2->s3,0.654,26.731,42.21,16.984,False,False,3
raw,167,web,h2,h6,s2->s5->s6,0.644,22.346,38.959,22.577,False,False,5
raw,168,web,h3,h5,s3->s6->s5,0.906,20.885,43.011,19.852,False,False,4
raw,169,voip,h3,h6,s3->s6,0.113,7.823,40.267,15.386,False,False,2
raw,170,voip,h2,h1,s2->s1,0.113,6.462,41.583,11.877,False,False,0
raw,171,video,h2,h1,s2->s1,5.433,6.291,40.538,11.078,False,False,0
raw,172,video,h2,h3,s2->s3,5.503,5.522,29.477,11.317,False,False,0
raw,173,file,h5,h1,s5->s2->s1,1.067,15.383,41.518,14.637,False,False,2
raw,174,video,h4,h2,s4->s3->s2,6.167,14.184,38.545,15.083,True,True,2
raw,175,file,h3,h5,s3->s4->s5,0.665,25.814,31.097,18.552,False,False,4
raw,176,file,h3,h4,s3->s6->s1->s4,0.467,53.307,39.803,20.332,False,False,4
raw,177,voip,h3,h1,s3->s2->s1,0.111,10.865,38.801,21.766,False,False,4
raw,178,file,h1,h6,s1->s2->s3->s6,5.02,16.946,28.966,16.584,True,True,2
raw,179,file,h4,h2,s4->s5->s2,2.999,20.622,38.102,13.965,False,False,0
raw,180,video,h6,h1,s6->s3->s2->s1,5.851,15.647,38.485,12.403,False,False,0
raw,181,file,h2,h1,s2->s1,9.681,5.659,42.55,13.145,False,False,0
raw,182,file,h5,h2,s5->s2,8.488,9.267,42.342,13.35,False,False,0
raw,183,video,h2,h5,s2->s5,3.18,9.058,42.195,14.855,False,False,1
raw,184,video,h4,h2,s4->s3->s2,5.277,14.926,41.997,11.459,True,True,0
raw,185,voip,h4,h1,s4->s1,0.111,13.557,42.944,12.808,False,False,0
raw,186,voip,h6,h4,s6->s3->s4,0.107,14.039,41.187,10.917,False,False,0
raw,187,voip,h5,h6,s5->s6,0.116,11.412,42.434,13.406,False,False,0
raw,188,voip,h4,h1,s4->s1,0.113,14.417,42.58,12.573,False,False,0
raw,189,file,h5,h4,s5->s4,7.386,11.118,39.208,13.727,False,False,0
raw,190,web,h2,h6,s2->s3->s6,1.003,11.981,40.715,12.925,False,False,1
raw,191,voip,h1,h6,s1->s2->s5->s6,0.107,20.542,42.109,13.62,False,False,0
raw,192,video,h2,h1,s2->s1,5.869,4.507,43.178,12.865,False,False,0
raw,193,voip,h3,h5,s3->s2->s5,0.12,13.263,35.902,12.673,False,False,0
raw,194,web,h4,h3,s4->s3,0.982,8.455,44.03,10.85,False,False,0
raw,195,voip,h3,h5,s3->s2->s5,0.109,11.432,46.225,11.815,False,False,0
raw,196,voip,h6,h5,s6->s5,0.111,10.242,41.867,13.169,False,False,0
raw,197,voip,h5,h2,s5->s2,0.112,6.796,40.76,11.925,False,False,0
raw,198,voip,h4,h1,s4->s1,0.121,12.365,44.54,13.2,False,False,0
raw,199,video,h2,h4,s2->s3->s4,1.928,15.511,44.428,15.311,False,False,1
raw,200,file,h6,h4,s6->s5->s4,0.716,28.731,41.467,16.042,False,False,3
raw,201,web,h3,h2,s3->s4->s1->s2,0.719,30.4,41.299,19.847,False,False,4
raw,202,voip,h5,h3,s5->s2->s3,0.119,11.981,40.414,19.148,False,False,4
raw,203,voip,h1,h4,s1->s2->s5->s4,0.113,24.058,38.409,18.84,True,True,3
raw,204,voip,h2,h5,s2->s5,0.111,8.332,39.456,14.852,False,False,1
raw,205,web,h3,h1,s3->s2->s1,0.891,9.074,40.224,13.325,False,False,0
raw,206,voip,h1,h3,s1->s2->s3,0.107,9.741,38.683,11.682,False,False,0
raw,207,file,h6,h4,s6->s5->s4,3.752,25.97,41.307,13.912,False,False,0
raw,208,file,h1,h4,s1->s2->s5->s4,4.415,22.012,40.265,12.837,False,False,0
raw,209,voip,h5,h2,s5->s2,0.123,7.342,39.671,12.704,False,False,0
raw,210,voip,h4,h1,s4->s1,0.112,13.654,39.364,10.751,False,False,0
raw,211,voip,h1,h3,s1->s2->s3,0.119,9.758,42.542,11.68,False,False,0
raw,212,web,h6,h1,s6->s3->s2->s1,0.889,13.843,30.246,11.787,False,False,0
raw,213,file,h4,h3,s4->s5->s2->s3,0.678,26.133,39.601,12.046,False,False,1
raw,214,file,h2,h3,s2->s3,7.656,6.304,40.785,14.579,False,False,1
raw,215,web,h2,h3,s2->s5->s6->s3,0.977,24.139,41.991,15.901,False,False,1
raw,216,voip,h3,h1,s3->s2->s1,0.12,9.186,30.993,12.234,False,False,0
raw,217,video,h2,h3,s2->s3,6.011,5.521,31.137,11.135,False,False,0
raw,218,voip,h5,h3,s5->s6->s3,0.12,16.128,39.666,10.765,False,False,0
raw,219,video,h6,h3,s6->s3,6.08,6.208,40.11,11.791,False,False,0
raw,220,voip,h5,h1,s5->s2->s1,0.119,11.058,40.163,10.221,False,False,0
raw,221,file,h4,h1,s4->s1,8.861,13.158,41.744,13.437,False,False,0
raw,222,file,h4,h3,s4->s3,1.56,11.282,42.215,12.907,False,False,1
raw,223,voip,h1,h6,s1->s6,0.106,20.182,43.714,15.711,False,False,1
raw,224,voip,h6,h1,s6->s3->s2->s1,0.116,13.4,43.559,12.073,False,False,0
raw,225,web,h4,h2,s4->s1->s2,0.712,21.011,43.549,13.754,False,False,1
raw,226,video,h1,h6,s1->s6,5.383,19.927,43.263,13.328,False,False,1
raw,227,voip,h1,h3,s1->s2->s3,0.108,8.721,40.552,13.068,False,False,1
raw,228,voip,h1,h6,s1->s2->s5->s6,0.12,19.366,43.31,10.986,False,False,0
raw,229,voip,h3,h1,s3->s2->s1,0.108,9.919,44.421,11.144,False,False,0
raw,230,file,h3,h2,s3->s2,8.546,6.055,41.552,11.534,False,False,0
raw,231,file,h4,h3,s4->s1->s2->s3,3.767,23.715,40.734,12.944,False,False,0
raw,232,web,h4,h6,s4->s5->s6,0.672,28.017,41.737,16.101,False,False,2
raw,233,file,h5,h4,s5->s2->s3->s4,0.808,23.246,43.509,19.001,False,False,4
raw,234,file,h1,h4,s1->s4,0.691,17.527,40.838,20.339,False,False,5
raw,235,video,h3,h1,s3->s6->s1,5.687,25.133,43.209,16.359,False,False,2
raw,236,voip,h6,h4,s6->s3->s4,0.122,15.433,40.11,15.405,False,False,1
raw,237,web,h2,h6,s2->s3->s6,0.922,9.383,40.937,12.631,False,False,0
raw,238,file,h1,h4,s1->s4,3.121,16.254,33.642,12.276,False,False,0
raw,239,web,h1,h3,s1->s2->s3,0.881,11.935,42.752,15.913,False,False,1
